SaleID,Date,StoreID,ProductID,CustomerID,Quantity,UnitPrice,TotalAmount
S0001,2024-10-16,ST01,P1001,,3,30,90
S0002,2023-09-08,ST01,P1002,,1,50,50
S0003,2024-11-23,ST03,P1005,CUST1024,5,10,50
S0004,2024-03-08,ST01,P1001,CUST1039,2,30,60
S0005,2023-08-27,ST03,P1005,CUST1047,5,10,50
S0006,2023-07-23,ST03,P1005,CUST1028,2,10,20
S0007,2024-04-04,ST03,P1003,CUST1049,2,80,160
S0008,2024-12-15,ST02,P1003,CUST1085,2,80,160
S0009,2023-08-09,ST02,P1001,CUST1071,4,30,120
S0010,2023-04-10,ST02,P1003,CUST1084,3,80,240
S0011,2023-02-14,ST03,P1004,CUST1029,1,120,120
S0012,2024-01-23,ST01,P1005,CUST1062,5,10,50
S0013,2024-01-06,ST03,P1002,,1,50,50
S0014,2023-02-16,ST03,P1002,CUST1076,1,50,50
S0015,2023-08-27,ST01,P1004,CUST1034,4,120,480
S0016,2024-10-12,ST02,P1002,CUST1039,3,50,150
S0017,2023-08-03,ST03,P1003,,1,80,80
S0018,2024-09-15,ST03,P1002,CUST1034,2,50,100
S0019,2023-06-17,ST02,P1004,CUST1030,5,120,600
S0020,2023-08-13,ST03,P1003,CUST1010,2,80,160
S0021,2023-02-02,ST02,P1004,CUST1098,1,120,120
S0022,2023-08-05,ST03,P1003,CUST1024,4,80,320
S0023,2024-02-10,ST03,P1004,CUST1038,3,120,360
S0024,2023-05-23,ST01,P1005,CUST1068,3,10,30
S0025,2024-08-21,ST02,P1005,CUST1091,3,10,30
S0026,2023-08-13,ST01,P1005,CUST1039,1,10,10
S0027,2023-02-18,ST01,P1002,,2,50,100
S0028,2024-11-27,ST02,P1005,CUST1069,4,10,40
S0029,2024-01-26,ST03,P1004,CUST1034,3,120,360
S0030,2024-07-20,ST01,P1001,,5,30,150
S0031,2023-10-01,ST03,P1003,CUST1016,3,80,240
S0032,2024-03-21,ST01,P1004,CUST1042,3,120,360
S0033,2024-05-27,ST01,P1005,CUST1088,3,10,30
S0034,2024-10-16,ST03,P1005,CUST1053,2,10,20
S0035,2024-01-18,ST01,P1005,CUST1090,1,10,10
S0036,2024-09-05,ST02,P1004,CUST1001,1,120,120
S0037,2024-01-07,ST02,P1002,CUST1044,2,50,100
S0038,2024-08-03,ST01,P1001,,4,30,120
S0039,2023-03-12,ST03,P1002,CUST1063,4,50,200
S0040,2024-07-16,ST01,P1003,CUST1019,5,80,400
S0041,2024-03-09,ST01,P1005,,2,10,20
S0042,2024-12-31,ST02,P1004,,3,120,360
S0043,2024-03-24,ST03,P1004,CUST1044,2,120,240
S0044,2023-08-19,ST01,P1003,CUST1073,5,80,400
S0045,2024-07-21,ST01,P1005,CUST1008,1,10,10
S0046,2023-03-14,ST03,P1001,CUST1060,1,30,30
S0047,2023-02-02,ST02,P1001,CUST1076,2,30,60
S0048,2023-10-13,ST03,P1004,CUST1095,5,120,600
S0049,2023-05-16,ST03,P1005,CUST1045,4,10,40
S0050,2023-09-06,ST02,P1004,CUST1045,1,120,120
S0051,2023-04-10,ST03,P1004,CUST1057,4,120,480
S0052,2024-02-25,ST02,P1001,,1,30,30
S0053,2023-03-04,ST02,P1003,CUST1013,2,80,160
S0054,2023-07-16,ST01,P1005,CUST1060,2,10,20
S0055,2024-03-08,ST01,P1003,CUST1020,2,80,160
S0056,2023-03-19,ST02,P1005,CUST1035,1,10,10
S0057,2024-10-29,ST03,P1001,CUST1048,2,30,60
S0058,2023-06-20,ST02,P1004,CUST1077,2,120,240
S0059,2024-02-15,ST01,P1002,CUST1001,1,50,50
S0060,2024-02-04,ST02,P1004,CUST1021,4,120,480
S0061,2024-12-14,ST03,P1005,,4,10,40
S0062,2023-06-08,ST01,P1003,CUST1017,1,80,80
S0063,2024-08-16,ST03,P1005,CUST1057,3,10,30
S0064,2023-02-28,ST01,P1005,CUST1029,5,10,50
S0065,2024-06-27,ST01,P1001,CUST1028,1,30,30
S0066,2023-07-10,ST01,P1005,CUST1041,2,10,20
S0067,2024-02-18,ST01,P1005,CUST1050,5,10,50
S0068,2024-08-31,ST01,P1005,CUST1005,4,10,40
S0069,2024-11-04,ST03,P1005,CUST1048,3,10,30
S0070,2023-09-25,ST01,P1003,CUST1061,3,80,240
S0071,2024-02-10,ST01,P1003,CUST1001,3,80,240
S0072,2023-03-16,ST01,P1004,CUST1067,5,120,600
S0073,2023-04-13,ST01,P1005,CUST1093,5,10,50
S0074,2023-09-29,ST01,P1003,CUST1052,2,80,160
S0075,2024-01-14,ST02,P1002,CUST1085,5,50,250
S0076,2024-12-21,ST02,P1005,,5,10,50
S0077,2023-01-09,ST03,P1005,CUST1032,1,10,10
S0078,2023-05-18,ST02,P1001,CUST1031,5,30,150
S0079,2023-06-09,ST02,P1003,CUST1024,2,80,160
S0080,2023-12-18,ST01,P1003,CUST1078,4,80,320
S0081,2023-09-15,ST01,P1001,,4,30,120
S0082,2023-10-11,ST01,P1001,CUST1076,2,30,60
S0083,2024-10-14,ST02,P1002,,4,50,200
S0084,2024-07-18,ST03,P1004,CUST1053,1,120,120
S0085,2023-04-25,ST01,P1002,CUST1025,1,50,50
S0086,2024-01-14,ST03,P1005,CUST1011,4,10,40
S0087,2023-05-11,ST01,P1003,CUST1074,1,80,80
S0088,2024-01-02,ST01,P1002,,1,50,50
S0089,2023-12-29,ST03,P1004,CUST1024,2,120,240
S0090,2023-08-31,ST01,P1002,CUST1087,1,50,50
S0091,2023-07-03,ST03,P1003,CUST1085,2,80,160
S0092,2023-10-01,ST01,P1001,CUST1004,1,30,30
S0093,2024-04-26,ST01,P1002,CUST1001,3,50,150
S0094,2023-11-09,ST01,P1002,CUST1084,2,50,100
S0095,2024-02-13,ST02,P1003,CUST1005,3,80,240
S0096,2023-12-26,ST03,P1005,CUST1098,5,10,50
S0097,2023-12-06,ST01,P1001,CUST1029,2,30,60
S0098,2024-08-17,ST02,P1001,CUST1074,5,30,150
S0099,2024-03-20,ST02,P1003,CUST1000,5,80,400
S0100,2024-06-07,ST01,P1004,CUST1072,2,120,240
S0101,2023-09-18,ST01,P1004,CUST1084,5,120,600
S0102,2024-07-05,ST03,P1002,CUST1043,4,50,200
S0103,2023-03-13,ST03,P1003,CUST1032,3,80,240
S0104,2024-11-10,ST01,P1003,CUST1062,3,80,240
S0105,2024-11-13,ST02,P1003,CUST1016,3,80,240
S0106,2024-07-21,ST01,P1002,CUST1058,4,50,200
S0107,2024-11-24,ST03,P1002,CUST1004,5,50,250
S0108,2023-11-05,ST02,P1005,CUST1088,3,10,30
S0109,2023-10-21,ST01,P1004,CUST1071,5,120,600
S0110,2024-11-01,ST02,P1004,CUST1011,4,120,480
S0111,2024-11-22,ST01,P1005,CUST1058,2,10,20
S0112,2024-11-05,ST01,P1003,CUST1070,5,80,400
S0113,2023-12-10,ST01,P1002,,3,50,150
S0114,2023-08-19,ST01,P1002,CUST1039,1,50,50
S0115,2023-09-08,ST02,P1005,CUST1069,4,10,40
S0116,2024-02-29,ST03,P1005,CUST1069,4,10,40
S0117,2024-05-21,ST02,P1002,CUST1068,1,50,50
S0118,2023-04-20,ST02,P1002,CUST1057,5,50,250
S0119,2024-04-20,ST01,P1005,CUST1099,1,10,10
S0120,2024-04-12,ST01,P1004,,5,120,600
S0121,2024-07-26,ST03,P1003,CUST1058,5,80,400
S0122,2024-05-31,ST02,P1005,CUST1048,2,10,20
S0123,2024-05-01,ST02,P1003,CUST1008,3,80,240
S0124,2024-06-17,ST02,P1002,CUST1067,4,50,200
S0125,2023-03-21,ST03,P1003,CUST1027,3,80,240
S0126,2023-12-10,ST02,P1005,CUST1030,2,10,20
S0127,2023-06-04,ST01,P1004,,2,120,240
S0128,2024-12-24,ST01,P1001,CUST1092,4,30,120
S0129,2023-12-05,ST03,P1004,CUST1096,1,120,120
S0130,2023-07-31,ST02,P1004,CUST1059,1,120,120
S0131,2024-08-12,ST02,P1004,CUST1051,3,120,360
S0132,2023-11-02,ST02,P1004,CUST1010,5,120,600
S0133,2024-09-09,ST01,P1004,CUST1054,3,120,360
S0134,2024-03-22,ST02,P1001,CUST1013,3,30,90
S0135,2024-11-15,ST03,P1004,,2,120,240
S0136,2024-04-23,ST01,P1005,CUST1039,1,10,10
S0137,2024-02-08,ST03,P1005,,1,10,10
S0138,2023-03-27,ST03,P1004,CUST1045,4,120,480
S0139,2023-07-06,ST01,P1003,CUST1056,3,80,240
S0140,2023-08-05,ST02,P1003,CUST1061,4,80,320
S0141,2023-10-12,ST02,P1003,CUST1088,4,80,320
S0142,2023-01-20,ST03,P1005,CUST1006,3,10,30
S0143,2023-08-18,ST03,P1001,,1,30,30
S0144,2023-02-01,ST01,P1002,CUST1066,5,50,250
S0145,2023-06-06,ST01,P1002,CUST1030,1,50,50
S0146,2024-07-31,ST01,P1004,,3,120,360
S0147,2024-01-13,ST01,P1005,CUST1012,1,10,10
S0148,2023-06-17,ST02,P1001,CUST1053,1,30,30
S0149,2023-11-16,ST03,P1004,CUST1076,2,120,240
S0150,2023-03-19,ST03,P1002,CUST1010,3,50,150
S0151,2024-12-01,ST03,P1001,CUST1044,1,30,30
S0152,2023-12-22,ST03,P1004,,3,120,360
S0153,2023-03-12,ST03,P1003,CUST1076,4,80,320
S0154,2024-05-16,ST01,P1004,CUST1097,4,120,480
S0155,2024-12-25,ST01,P1004,CUST1082,5,120,600
S0156,2024-10-28,ST02,P1005,CUST1054,4,10,40
S0157,2024-04-21,ST02,P1005,CUST1068,3,10,30
S0158,2023-09-09,ST01,P1003,CUST1000,2,80,160
S0159,2024-04-20,ST03,P1005,,4,10,40
S0160,2023-12-11,ST01,P1004,CUST1048,2,120,240
S0161,2024-05-14,ST01,P1003,CUST1010,3,80,240
S0162,2023-10-14,ST03,P1003,CUST1061,1,80,80
S0163,2024-06-13,ST01,P1001,CUST1002,4,30,120
S0164,2024-05-15,ST03,P1002,,4,50,200
S0165,2024-10-23,ST03,P1004,CUST1087,1,120,120
S0166,2023-04-06,ST02,P1002,CUST1045,2,50,100
S0167,2023-11-10,ST03,P1005,CUST1087,4,10,40
S0168,2024-07-20,ST03,P1003,CUST1019,5,80,400
S0169,2023-12-05,ST02,P1004,CUST1037,3,120,360
S0170,2023-09-15,ST01,P1001,,2,30,60
S0171,2023-11-20,ST01,P1005,,2,10,20
S0172,2023-07-16,ST01,P1004,CUST1068,5,120,600
S0173,2024-06-21,ST03,P1003,CUST1045,2,80,160
S0174,2023-10-31,ST01,P1003,CUST1003,3,80,240
S0175,2023-01-15,ST03,P1005,CUST1032,3,10,30
S0176,2023-02-16,ST01,P1005,CUST1035,2,10,20
S0177,2024-10-15,ST02,P1001,CUST1017,5,30,150
S0178,2023-10-19,ST02,P1004,CUST1064,3,120,360
S0179,2023-07-08,ST01,P1003,CUST1032,1,80,80
S0180,2023-03-08,ST02,P1004,CUST1030,5,120,600
S0181,2024-10-06,ST03,P1001,CUST1049,2,30,60
S0182,2024-07-30,ST02,P1001,CUST1006,1,30,30
S0183,2024-07-25,ST02,P1005,CUST1019,5,10,50
S0184,2023-08-20,ST03,P1004,CUST1097,4,120,480
S0185,2023-11-01,ST03,P1004,CUST1096,5,120,600
S0186,2024-09-27,ST01,P1005,,1,10,10
S0187,2023-08-01,ST03,P1002,CUST1075,1,50,50
S0188,2023-06-10,ST01,P1002,CUST1062,1,50,50
S0189,2023-06-10,ST01,P1004,CUST1007,5,120,600
S0190,2024-04-26,ST02,P1001,CUST1036,3,30,90
S0191,2024-12-24,ST02,P1004,CUST1056,2,120,240
S0192,2023-09-28,ST03,P1005,,2,10,20
S0193,2024-03-11,ST01,P1005,CUST1044,2,10,20
S0194,2023-09-30,ST01,P1001,CUST1067,2,30,60
S0195,2023-11-11,ST03,P1005,CUST1049,4,10,40
S0196,2023-05-08,ST02,P1003,,4,80,320
S0197,2023-10-06,ST03,P1005,CUST1058,4,10,40
S0198,2023-03-24,ST03,P1001,CUST1031,3,30,90
S0199,2024-09-10,ST02,P1001,CUST1066,2,30,60
S0200,2024-11-21,ST03,P1005,CUST1099,3,10,30
S0201,2024-08-13,ST01,P1002,CUST1031,5,50,250
S0202,2024-10-29,ST02,P1003,CUST1085,5,80,400
S0203,2024-03-22,ST03,P1004,CUST1063,4,120,480
S0204,2023-12-23,ST02,P1003,CUST1010,1,80,80
S0205,2023-06-14,ST02,P1004,,4,120,480
S0206,2023-10-23,ST03,P1004,CUST1062,1,120,120
S0207,2024-04-10,ST01,P1003,CUST1001,3,80,240
S0208,2023-04-29,ST02,P1005,CUST1014,5,10,50
S0209,2024-04-18,ST02,P1001,CUST1022,5,30,150
S0210,2024-01-06,ST03,P1004,,4,120,480
S0211,2023-02-22,ST01,P1003,CUST1001,2,80,160
S0212,2023-10-22,ST02,P1004,CUST1055,1,120,120
S0213,2024-10-07,ST03,P1002,,2,50,100
S0214,2023-11-15,ST03,P1001,CUST1078,4,30,120
S0215,2023-04-06,ST01,P1001,CUST1067,1,30,30
S0216,2024-10-25,ST01,P1004,,3,120,360
S0217,2024-06-05,ST03,P1003,CUST1060,4,80,320
S0218,2024-04-28,ST01,P1004,CUST1021,2,120,240
S0219,2024-01-28,ST01,P1005,CUST1037,2,10,20
S0220,2023-03-13,ST02,P1004,CUST1088,5,120,600
S0221,2023-10-01,ST01,P1003,,3,80,240
S0222,2024-08-24,ST03,P1004,CUST1020,4,120,480
S0223,2024-07-05,ST02,P1003,CUST1088,5,80,400
S0224,2024-07-10,ST02,P1004,CUST1012,2,120,240
S0225,2024-12-15,ST01,P1005,CUST1063,2,10,20
S0226,2024-02-25,ST01,P1003,,4,80,320
S0227,2024-12-23,ST02,P1004,,2,120,240
S0228,2024-05-22,ST01,P1002,CUST1084,5,50,250
S0229,2023-12-06,ST01,P1004,CUST1058,5,120,600
S0230,2024-04-12,ST01,P1002,CUST1094,2,50,100
S0231,2023-03-18,ST02,P1003,CUST1007,5,80,400
S0232,2024-12-10,ST02,P1001,CUST1029,5,30,150
S0233,2024-01-25,ST02,P1004,CUST1013,1,120,120
S0234,2024-09-24,ST01,P1002,,3,50,150
S0235,2023-08-21,ST03,P1001,CUST1025,1,30,30
S0236,2024-10-10,ST03,P1001,CUST1099,2,30,60
S0237,2024-12-11,ST02,P1001,CUST1086,3,30,90
S0238,2023-02-27,ST02,P1003,CUST1079,4,80,320
S0239,2023-05-30,ST01,P1005,CUST1035,5,10,50
S0240,2024-11-29,ST01,P1002,CUST1016,1,50,50
S0241,2024-09-16,ST02,P1005,,2,10,20
S0242,2024-05-24,ST03,P1002,CUST1035,4,50,200
S0243,2024-10-15,ST02,P1004,CUST1081,1,120,120
S0244,2024-04-21,ST02,P1005,CUST1031,1,10,10
S0245,2024-03-28,ST02,P1005,CUST1086,4,10,40
S0246,2024-12-07,ST02,P1004,CUST1047,2,120,240
S0247,2024-01-29,ST02,P1001,CUST1059,4,30,120
S0248,2024-08-08,ST02,P1005,CUST1097,3,10,30
S0249,2023-01-23,ST03,P1004,CUST1090,1,120,120
S0250,2024-08-02,ST03,P1001,CUST1056,4,30,120
S0251,2023-10-21,ST01,P1005,CUST1019,2,10,20
S0252,2024-10-13,ST01,P1005,CUST1006,2,10,20
S0253,2024-10-05,ST01,P1001,CUST1007,4,30,120
S0254,2023-02-04,ST03,P1003,,2,80,160
S0255,2023-04-03,ST02,P1003,,4,80,320
S0256,2023-06-29,ST01,P1002,CUST1089,3,50,150
S0257,2024-06-27,ST03,P1003,CUST1067,3,80,240
S0258,2024-05-08,ST02,P1003,CUST1020,4,80,320
S0259,2023-03-19,ST01,P1002,,4,50,200
S0260,2024-07-24,ST02,P1001,CUST1027,1,30,30
S0261,2023-09-28,ST03,P1001,CUST1099,3,30,90
S0262,2024-11-19,ST03,P1003,CUST1092,4,80,320
S0263,2024-10-15,ST02,P1001,,2,30,60
S0264,2024-04-27,ST01,P1005,CUST1092,3,10,30
S0265,2024-09-16,ST01,P1001,,4,30,120
S0266,2024-12-18,ST02,P1004,CUST1021,2,120,240
S0267,2023-02-16,ST01,P1003,CUST1025,1,80,80
S0268,2023-04-10,ST01,P1005,CUST1072,4,10,40
S0269,2024-04-09,ST02,P1005,CUST1038,5,10,50
S0270,2023-06-08,ST02,P1001,CUST1073,5,30,150
S0271,2024-02-22,ST02,P1001,,3,30,90
S0272,2023-08-11,ST02,P1004,CUST1028,3,120,360
S0273,2023-04-12,ST03,P1003,CUST1032,3,80,240
S0274,2023-03-04,ST02,P1003,CUST1096,1,80,80
S0275,2024-04-10,ST01,P1002,,5,50,250
S0276,2023-01-22,ST01,P1003,CUST1050,2,80,160
S0277,2024-08-01,ST01,P1001,CUST1089,2,30,60
S0278,2024-08-23,ST01,P1002,CUST1096,2,50,100
S0279,2024-09-02,ST01,P1003,CUST1034,2,80,160
S0280,2024-07-07,ST02,P1002,CUST1004,1,50,50
S0281,2023-05-15,ST01,P1003,CUST1089,5,80,400
S0282,2023-11-28,ST01,P1002,CUST1004,1,50,50
S0283,2023-05-10,ST03,P1004,CUST1046,1,120,120
S0284,2023-03-07,ST02,P1004,CUST1013,5,120,600
S0285,2024-08-30,ST01,P1004,CUST1071,2,120,240
S0286,2024-09-21,ST01,P1005,CUST1057,4,10,40
S0287,2024-10-20,ST01,P1001,CUST1084,4,30,120
S0288,2024-03-12,ST03,P1001,CUST1026,4,30,120
S0289,2023-03-17,ST01,P1003,CUST1071,2,80,160
S0290,2023-03-09,ST01,P1003,CUST1057,5,80,400
S0291,2024-07-15,ST03,P1003,CUST1039,5,80,400
S0292,2024-06-27,ST02,P1004,CUST1018,5,120,600
S0293,2024-03-16,ST01,P1001,,5,30,150
S0294,2023-08-09,ST02,P1004,CUST1084,4,120,480
S0295,2023-12-14,ST02,P1004,CUST1080,1,120,120
S0296,2023-11-17,ST02,P1003,,3,80,240
S0297,2024-01-19,ST01,P1004,CUST1065,1,120,120
S0298,2023-03-29,ST01,P1004,CUST1063,3,120,360
S0299,2023-05-14,ST03,P1001,CUST1093,5,30,150
S0300,2024-07-29,ST02,P1001,CUST1055,3,30,90
S0301,2024-11-12,ST02,P1001,CUST1016,5,30,150
S0302,2023-11-16,ST02,P1001,CUST1073,5,30,150
S0303,2023-08-06,ST01,P1004,CUST1033,1,120,120
S0304,2023-12-25,ST03,P1003,CUST1093,3,80,240
S0305,2024-08-10,ST01,P1004,CUST1042,5,120,600
S0306,2024-09-20,ST03,P1005,CUST1087,5,10,50
S0307,2024-11-04,ST03,P1003,CUST1061,2,80,160
S0308,2023-10-07,ST03,P1003,CUST1064,3,80,240
S0309,2023-01-07,ST01,P1002,CUST1035,4,50,200
S0310,2023-03-13,ST01,P1001,CUST1080,5,30,150
S0311,2023-08-09,ST02,P1004,CUST1001,3,120,360
S0312,2023-06-11,ST02,P1003,,3,80,240
S0313,2024-08-04,ST03,P1001,CUST1079,2,30,60
S0314,2023-06-11,ST03,P1001,,1,30,30
S0315,2023-10-06,ST02,P1004,CUST1060,5,120,600
S0316,2024-03-28,ST02,P1003,CUST1069,5,80,400
S0317,2023-04-27,ST02,P1004,CUST1033,3,120,360
S0318,2024-11-25,ST03,P1005,CUST1012,5,10,50
S0319,2024-11-14,ST02,P1001,CUST1063,4,30,120
S0320,2024-09-05,ST01,P1001,CUST1048,3,30,90
S0321,2023-08-05,ST01,P1003,CUST1010,3,80,240
S0322,2023-05-03,ST01,P1004,,4,120,480
S0323,2023-06-29,ST01,P1004,CUST1060,2,120,240
S0324,2024-05-27,ST03,P1003,CUST1092,4,80,320
S0325,2023-02-13,ST02,P1001,CUST1092,1,30,30
S0326,2023-11-17,ST03,P1004,CUST1054,4,120,480
S0327,2024-12-27,ST03,P1004,CUST1058,1,120,120
S0328,2024-02-19,ST01,P1003,CUST1071,5,80,400
S0329,2024-04-16,ST03,P1003,CUST1003,4,80,320
S0330,2023-04-19,ST01,P1004,CUST1043,4,120,480
S0331,2024-06-20,ST01,P1004,CUST1041,3,120,360
S0332,2023-08-15,ST02,P1002,CUST1008,5,50,250
S0333,2024-10-10,ST01,P1005,CUST1029,2,10,20
S0334,2023-12-24,ST02,P1002,CUST1055,1,50,50
S0335,2023-05-30,ST02,P1002,CUST1014,5,50,250
S0336,2023-06-06,ST03,P1001,CUST1016,4,30,120
S0337,2024-04-20,ST03,P1005,CUST1035,5,10,50
S0338,2024-10-20,ST03,P1005,CUST1043,3,10,30
S0339,2023-06-04,ST02,P1001,CUST1078,4,30,120
S0340,2024-10-08,ST02,P1003,CUST1052,1,80,80
S0341,2023-12-27,ST03,P1001,CUST1044,4,30,120
S0342,2024-04-07,ST01,P1001,CUST1048,3,30,90
S0343,2023-03-20,ST03,P1001,CUST1095,5,30,150
S0344,2024-06-03,ST02,P1004,CUST1057,5,120,600
S0345,2023-02-12,ST02,P1005,,2,10,20
S0346,2023-11-26,ST03,P1004,CUST1080,2,120,240
S0347,2023-03-05,ST02,P1001,CUST1032,1,30,30
S0348,2024-05-31,ST03,P1002,CUST1083,2,50,100
S0349,2024-12-25,ST02,P1004,CUST1042,5,120,600
S0350,2024-09-16,ST01,P1003,CUST1030,3,80,240
S0351,2024-02-01,ST02,P1003,,5,80,400
S0352,2023-02-23,ST03,P1003,CUST1004,3,80,240
S0353,2023-04-07,ST03,P1004,CUST1080,3,120,360
S0354,2024-11-03,ST03,P1002,CUST1018,1,50,50
S0355,2024-08-19,ST03,P1002,CUST1047,3,50,150
S0356,2024-11-02,ST03,P1004,CUST1078,5,120,600
S0357,2024-12-26,ST01,P1003,CUST1091,4,80,320
S0358,2024-10-20,ST02,P1002,,5,50,250
S0359,2023-04-06,ST03,P1004,CUST1036,3,120,360
S0360,2023-01-19,ST02,P1003,CUST1055,2,80,160
S0361,2023-12-16,ST02,P1002,CUST1053,2,50,100
S0362,2023-06-08,ST01,P1003,CUST1047,5,80,400
S0363,2024-07-06,ST03,P1005,CUST1031,3,10,30
S0364,2024-09-24,ST01,P1005,CUST1030,2,10,20
S0365,2023-06-16,ST01,P1005,CUST1099,4,10,40
S0366,2023-02-14,ST02,P1003,,2,80,160
S0367,2024-03-30,ST03,P1003,,4,80,320
S0368,2023-08-28,ST03,P1002,CUST1084,4,50,200
S0369,2023-07-18,ST02,P1005,CUST1086,4,10,40
S0370,2023-10-16,ST02,P1005,CUST1072,4,10,40
S0371,2023-06-15,ST01,P1005,CUST1026,3,10,30
S0372,2023-02-23,ST03,P1004,CUST1057,5,120,600
S0373,2023-04-16,ST03,P1005,CUST1083,3,10,30
S0374,2023-03-27,ST01,P1003,CUST1005,5,80,400
S0375,2023-05-31,ST02,P1001,CUST1091,4,30,120
S0376,2023-12-24,ST01,P1004,CUST1097,4,120,480
S0377,2024-05-29,ST02,P1002,CUST1091,1,50,50
S0378,2024-01-19,ST01,P1001,CUST1085,1,30,30
S0379,2024-10-27,ST02,P1002,CUST1058,1,50,50
S0380,2023-10-21,ST02,P1002,,4,50,200
S0381,2024-04-04,ST03,P1001,CUST1067,1,30,30
S0382,2023-09-20,ST01,P1002,CUST1050,5,50,250
S0383,2024-06-24,ST02,P1001,CUST1086,2,30,60
S0384,2023-11-05,ST01,P1001,CUST1090,4,30,120
S0385,2024-10-16,ST03,P1004,CUST1099,1,120,120
S0386,2024-05-26,ST03,P1005,CUST1062,5,10,50
S0387,2024-08-11,ST01,P1002,CUST1067,4,50,200
S0388,2023-01-02,ST03,P1003,CUST1092,5,80,400
S0389,2024-03-02,ST01,P1001,CUST1039,3,30,90
S0390,2023-03-11,ST03,P1005,CUST1081,5,10,50
S0391,2024-07-21,ST01,P1004,CUST1059,1,120,120
S0392,2024-10-12,ST02,P1003,CUST1063,1,80,80
S0393,2024-01-01,ST01,P1003,CUST1043,1,80,80
S0394,2024-08-18,ST03,P1003,CUST1001,1,80,80
S0395,2023-12-27,ST03,P1003,,2,80,160
S0396,2024-12-02,ST02,P1004,,2,120,240
S0397,2023-05-19,ST01,P1004,CUST1069,3,120,360
S0398,2023-07-26,ST01,P1002,CUST1091,3,50,150
S0399,2023-11-14,ST03,P1004,CUST1035,4,120,480
S0400,2023-09-17,ST01,P1002,CUST1076,3,50,150
S0401,2023-02-18,ST03,P1003,CUST1085,1,80,80
S0402,2024-01-12,ST02,P1004,,4,120,480
S0403,2024-01-31,ST02,P1002,CUST1000,4,50,200
S0404,2024-01-12,ST03,P1003,CUST1048,4,80,320
S0405,2023-03-22,ST02,P1005,CUST1048,5,10,50
S0406,2023-10-28,ST02,P1001,CUST1031,3,30,90
S0407,2024-11-07,ST02,P1003,CUST1015,5,80,400
S0408,2024-03-12,ST01,P1004,CUST1086,4,120,480
S0409,2023-02-13,ST03,P1003,CUST1063,4,80,320
S0410,2023-10-09,ST03,P1001,CUST1009,4,30,120
S0411,2024-01-08,ST03,P1002,CUST1092,2,50,100
S0412,2024-09-14,ST03,P1004,CUST1081,2,120,240
S0413,2023-03-10,ST01,P1003,CUST1019,4,80,320
S0414,2024-08-03,ST01,P1005,CUST1056,4,10,40
S0415,2024-01-15,ST02,P1004,CUST1088,5,120,600
S0416,2023-05-21,ST03,P1003,CUST1019,3,80,240
S0417,2024-10-27,ST02,P1002,CUST1068,1,50,50
S0418,2023-07-10,ST02,P1005,CUST1046,5,10,50
S0419,2023-05-01,ST02,P1003,,4,80,320
S0420,2023-08-08,ST03,P1003,,4,80,320
S0421,2023-07-24,ST01,P1002,CUST1059,4,50,200
S0422,2023-06-26,ST03,P1004,CUST1046,3,120,360
S0423,2024-11-14,ST02,P1001,CUST1074,5,30,150
S0424,2023-10-25,ST02,P1002,,2,50,100
S0425,2024-01-06,ST03,P1002,CUST1033,2,50,100
S0426,2023-05-23,ST01,P1004,CUST1023,3,120,360
S0427,2024-07-21,ST03,P1003,CUST1079,5,80,400
S0428,2023-05-13,ST03,P1001,CUST1086,3,30,90
S0429,2024-02-12,ST03,P1004,CUST1054,4,120,480
S0430,2024-02-24,ST03,P1001,CUST1089,3,30,90
S0431,2024-10-19,ST01,P1004,CUST1096,5,120,600
S0432,2023-12-19,ST01,P1005,,5,10,50
S0433,2023-07-06,ST01,P1004,CUST1071,1,120,120
S0434,2023-05-08,ST03,P1002,CUST1027,2,50,100
S0435,2023-06-15,ST02,P1002,CUST1029,5,50,250
S0436,2023-10-18,ST01,P1003,CUST1088,5,80,400
S0437,2023-10-09,ST01,P1003,CUST1062,5,80,400
S0438,2023-04-06,ST03,P1002,CUST1095,5,50,250
S0439,2023-06-07,ST01,P1005,,5,10,50
S0440,2023-12-12,ST03,P1001,CUST1093,1,30,30
S0441,2023-02-16,ST03,P1005,CUST1079,2,10,20
S0442,2024-08-08,ST02,P1005,,1,10,10
S0443,2024-05-24,ST03,P1005,CUST1039,3,10,30
S0444,2024-05-09,ST01,P1004,CUST1047,4,120,480
S0445,2023-03-16,ST03,P1001,CUST1088,4,30,120
S0446,2024-03-01,ST02,P1004,CUST1000,3,120,360
S0447,2024-09-13,ST01,P1003,,3,80,240
S0448,2023-12-20,ST02,P1002,CUST1093,5,50,250
S0449,2024-07-29,ST01,P1003,CUST1074,4,80,320
S0450,2023-05-06,ST02,P1004,CUST1075,2,120,240
S0451,2023-04-10,ST01,P1003,CUST1062,5,80,400
S0452,2024-03-04,ST01,P1002,CUST1033,5,50,250
S0453,2023-11-17,ST01,P1002,CUST1033,5,50,250
S0454,2024-04-23,ST02,P1003,CUST1022,1,80,80
S0455,2023-04-03,ST02,P1005,CUST1044,2,10,20
S0456,2023-08-09,ST03,P1003,CUST1030,1,80,80
S0457,2023-10-16,ST02,P1005,,4,10,40
S0458,2023-10-20,ST03,P1001,CUST1057,4,30,120
S0459,2023-05-18,ST02,P1003,CUST1056,3,80,240
S0460,2023-02-16,ST02,P1001,CUST1077,5,30,150
S0461,2023-07-19,ST02,P1005,CUST1013,1,10,10
S0462,2024-01-31,ST03,P1004,CUST1018,3,120,360
S0463,2024-09-30,ST03,P1005,CUST1033,2,10,20
S0464,2023-04-10,ST02,P1003,CUST1080,5,80,400
S0465,2024-01-10,ST01,P1002,CUST1010,5,50,250
S0466,2024-02-16,ST03,P1001,CUST1010,1,30,30
S0467,2023-05-21,ST03,P1003,CUST1004,5,80,400
S0468,2024-04-12,ST01,P1005,CUST1048,2,10,20
S0469,2023-12-02,ST03,P1003,CUST1050,4,80,320
S0470,2024-09-23,ST03,P1003,CUST1024,3,80,240
S0471,2024-06-03,ST03,P1005,CUST1013,5,10,50
S0472,2023-11-03,ST02,P1001,CUST1002,3,30,90
S0473,2024-11-20,ST01,P1004,CUST1055,3,120,360
S0474,2024-12-05,ST03,P1001,CUST1018,4,30,120
S0475,2023-09-29,ST03,P1005,CUST1067,2,10,20
S0476,2023-02-22,ST03,P1004,CUST1008,5,120,600
S0477,2024-10-06,ST03,P1005,CUST1055,2,10,20
S0478,2024-11-28,ST01,P1001,CUST1079,1,30,30
S0479,2023-07-15,ST01,P1004,CUST1087,4,120,480
S0480,2023-06-05,ST02,P1002,CUST1090,5,50,250
S0481,2024-09-18,ST02,P1001,,2,30,60
S0482,2024-06-15,ST01,P1005,CUST1084,4,10,40
S0483,2024-06-22,ST02,P1003,CUST1060,4,80,320
S0484,2024-06-29,ST02,P1005,CUST1047,3,10,30
S0485,2024-09-16,ST02,P1002,CUST1019,3,50,150
S0486,2024-07-25,ST02,P1002,CUST1004,3,50,150
S0487,2024-12-22,ST01,P1004,CUST1005,4,120,480
S0488,2023-12-24,ST03,P1003,CUST1038,1,80,80
S0489,2024-08-10,ST03,P1005,CUST1022,4,10,40
S0490,2023-12-20,ST01,P1003,CUST1014,3,80,240
S0491,2023-03-22,ST02,P1004,,3,120,360
S0492,2024-05-05,ST01,P1002,CUST1089,3,50,150
S0493,2024-07-29,ST03,P1003,CUST1068,1,80,80
S0494,2024-09-22,ST03,P1005,CUST1065,2,10,20
S0495,2023-02-21,ST03,P1005,CUST1007,2,10,20
S0496,2023-02-23,ST01,P1004,CUST1095,4,120,480
S0497,2023-04-13,ST03,P1002,CUST1057,5,50,250
S0498,2023-06-11,ST02,P1004,CUST1012,2,120,240
S0499,2023-10-22,ST02,P1003,,1,80,80
S0500,2023-04-02,ST03,P1005,CUST1091,5,10,50
S0501,2023-02-08,ST01,P1004,CUST1016,1,120,120
S0502,2024-02-11,ST02,P1002,,3,50,150
S0503,2023-02-08,ST01,P1003,CUST1047,5,80,400
S0504,2023-04-20,ST02,P1003,CUST1081,5,80,400
S0505,2024-06-20,ST02,P1002,CUST1002,4,50,200
S0506,2023-10-07,ST01,P1001,CUST1053,2,30,60
S0507,2024-04-14,ST03,P1003,,2,80,160
S0508,2023-01-15,ST03,P1003,CUST1084,5,80,400
S0509,2024-11-21,ST01,P1002,CUST1015,4,50,200
S0510,2024-03-13,ST03,P1003,CUST1046,4,80,320
S0511,2024-11-16,ST01,P1002,CUST1067,4,50,200
S0512,2023-11-28,ST01,P1001,CUST1069,4,30,120
S0513,2023-08-30,ST02,P1003,CUST1063,3,80,240
S0514,2024-08-19,ST03,P1005,CUST1078,3,10,30
S0515,2024-10-31,ST02,P1002,CUST1016,1,50,50
S0516,2024-04-21,ST02,P1002,CUST1053,5,50,250
S0517,2024-12-21,ST02,P1001,,3,30,90
S0518,2024-01-12,ST03,P1002,CUST1050,2,50,100
S0519,2024-05-04,ST01,P1004,,5,120,600
S0520,2024-01-18,ST02,P1005,CUST1023,5,10,50
S0521,2024-11-11,ST01,P1002,,5,50,250
S0522,2023-03-25,ST03,P1004,CUST1038,3,120,360
S0523,2023-03-21,ST03,P1001,CUST1000,5,30,150
S0524,2024-06-01,ST01,P1005,CUST1084,2,10,20
S0525,2023-06-18,ST02,P1005,CUST1002,1,10,10
S0526,2024-11-27,ST01,P1005,CUST1074,1,10,10
S0527,2024-06-06,ST02,P1001,CUST1076,2,30,60
S0528,2024-06-09,ST02,P1004,CUST1083,1,120,120
S0529,2024-07-26,ST02,P1003,,1,80,80
S0530,2024-02-10,ST02,P1001,,2,30,60
S0531,2024-08-15,ST01,P1001,CUST1077,3,30,90
S0532,2024-12-18,ST01,P1005,CUST1078,1,10,10
S0533,2024-04-28,ST01,P1003,CUST1081,2,80,160
S0534,2023-05-19,ST03,P1004,CUST1072,4,120,480
S0535,2024-04-04,ST02,P1004,CUST1054,5,120,600
S0536,2023-05-17,ST03,P1003,CUST1085,2,80,160
S0537,2024-07-04,ST02,P1005,CUST1036,2,10,20
S0538,2023-01-04,ST01,P1003,CUST1012,5,80,400
S0539,2024-03-10,ST03,P1004,CUST1057,2,120,240
S0540,2024-04-16,ST02,P1002,CUST1096,2,50,100
S0541,2023-04-26,ST01,P1004,CUST1069,1,120,120
S0542,2023-09-04,ST01,P1001,CUST1045,5,30,150
S0543,2023-02-04,ST02,P1005,,1,10,10
S0544,2023-09-08,ST03,P1001,CUST1043,4,30,120
S0545,2023-08-28,ST03,P1002,CUST1071,2,50,100
S0546,2024-05-30,ST02,P1002,,5,50,250
S0547,2023-11-23,ST03,P1005,,3,10,30
S0548,2023-08-31,ST02,P1002,,5,50,250
S0549,2023-08-15,ST02,P1003,CUST1074,1,80,80
S0550,2024-07-24,ST03,P1002,,4,50,200
S0551,2024-07-23,ST02,P1001,CUST1041,4,30,120
S0552,2024-06-21,ST02,P1004,CUST1089,2,120,240
S0553,2023-11-04,ST02,P1002,CUST1083,4,50,200
S0554,2023-09-04,ST01,P1003,,2,80,160
S0555,2024-04-19,ST01,P1005,CUST1085,4,10,40
S0556,2024-07-24,ST03,P1002,CUST1024,2,50,100
S0557,2023-09-19,ST01,P1003,,1,80,80
S0558,2024-04-05,ST02,P1001,CUST1022,2,30,60
S0559,2023-02-22,ST02,P1004,,5,120,600
S0560,2024-09-09,ST01,P1001,CUST1025,5,30,150
S0561,2024-11-18,ST03,P1002,CUST1088,2,50,100
S0562,2023-12-07,ST02,P1001,CUST1038,2,30,60
S0563,2023-05-01,ST03,P1004,CUST1086,5,120,600
S0564,2024-12-21,ST01,P1004,CUST1052,5,120,600
S0565,2023-11-26,ST02,P1004,CUST1006,5,120,600
S0566,2024-10-26,ST02,P1003,CUST1099,3,80,240
S0567,2024-06-09,ST02,P1004,CUST1076,4,120,480
S0568,2023-11-24,ST01,P1003,CUST1063,4,80,320
S0569,2023-02-16,ST03,P1002,,2,50,100
S0570,2023-01-17,ST02,P1005,CUST1061,5,10,50
S0571,2024-03-03,ST02,P1002,CUST1065,3,50,150
S0572,2023-08-24,ST02,P1005,CUST1036,4,10,40
S0573,2024-07-17,ST03,P1003,CUST1058,4,80,320
S0574,2024-10-19,ST03,P1004,CUST1002,2,120,240
S0575,2023-12-27,ST01,P1002,,5,50,250
S0576,2024-05-15,ST01,P1005,,1,10,10
S0577,2024-06-20,ST01,P1001,,1,30,30
S0578,2023-01-07,ST02,P1002,,2,50,100
S0579,2023-03-11,ST03,P1002,CUST1060,2,50,100
S0580,2024-06-01,ST02,P1003,CUST1070,5,80,400
S0581,2024-10-15,ST03,P1005,CUST1046,4,10,40
S0582,2023-01-17,ST01,P1005,CUST1080,4,10,40
S0583,2023-01-13,ST01,P1005,,3,10,30
S0584,2024-07-02,ST02,P1001,CUST1068,4,30,120
S0585,2023-07-03,ST01,P1001,CUST1076,2,30,60
S0586,2023-09-04,ST01,P1005,CUST1097,3,10,30
S0587,2023-12-29,ST02,P1004,CUST1094,3,120,360
S0588,2024-02-20,ST02,P1005,CUST1043,2,10,20
S0589,2023-11-04,ST03,P1001,,1,30,30
S0590,2023-04-06,ST02,P1004,CUST1000,5,120,600
S0591,2024-05-02,ST01,P1001,,2,30,60
S0592,2023-03-26,ST02,P1004,,3,120,360
S0593,2024-08-02,ST01,P1005,CUST1045,2,10,20
S0594,2023-08-05,ST03,P1005,CUST1014,3,10,30
S0595,2023-02-17,ST01,P1003,CUST1096,5,80,400
S0596,2024-11-04,ST01,P1002,CUST1086,1,50,50
S0597,2023-08-01,ST03,P1002,,4,50,200
S0598,2023-03-20,ST02,P1002,CUST1060,2,50,100
S0599,2024-08-03,ST02,P1005,CUST1038,4,10,40
S0600,2023-05-24,ST03,P1001,CUST1046,3,30,90
S0601,2023-02-24,ST01,P1004,CUST1033,1,120,120
S0602,2023-12-15,ST03,P1005,CUST1088,4,10,40
S0603,2023-12-01,ST01,P1003,CUST1007,4,80,320
S0604,2023-08-22,ST02,P1005,CUST1098,4,10,40
S0605,2023-07-10,ST03,P1005,,4,10,40
S0606,2023-03-29,ST03,P1003,CUST1011,1,80,80
S0607,2023-03-26,ST02,P1002,CUST1058,2,50,100
S0608,2024-02-03,ST02,P1003,CUST1085,1,80,80
S0609,2023-01-06,ST02,P1004,CUST1012,3,120,360
S0610,2023-04-15,ST01,P1001,CUST1009,4,30,120
S0611,2024-04-04,ST03,P1005,CUST1038,4,10,40
S0612,2023-04-16,ST01,P1001,CUST1037,5,30,150
S0613,2023-04-06,ST03,P1005,CUST1072,4,10,40
S0614,2023-01-13,ST02,P1004,CUST1015,1,120,120
S0615,2024-07-26,ST01,P1005,CUST1029,2,10,20
S0616,2024-12-02,ST02,P1002,CUST1064,3,50,150
S0617,2023-11-05,ST02,P1004,CUST1005,1,120,120
S0618,2023-06-21,ST02,P1003,CUST1064,3,80,240
S0619,2024-05-10,ST01,P1003,CUST1071,2,80,160
S0620,2024-10-02,ST02,P1005,CUST1003,2,10,20
S0621,2024-04-13,ST01,P1002,CUST1052,1,50,50
S0622,2024-02-10,ST02,P1005,CUST1006,3,10,30
S0623,2024-03-26,ST02,P1004,,5,120,600
S0624,2023-05-20,ST02,P1003,CUST1065,2,80,160
S0625,2024-05-05,ST02,P1002,CUST1019,3,50,150
S0626,2023-10-26,ST03,P1004,CUST1045,2,120,240
S0627,2023-11-30,ST02,P1003,CUST1067,3,80,240
S0628,2023-04-27,ST03,P1002,CUST1010,5,50,250
S0629,2023-07-04,ST03,P1005,CUST1093,4,10,40
S0630,2024-12-26,ST01,P1004,CUST1023,1,120,120
S0631,2024-02-23,ST03,P1004,CUST1042,3,120,360
S0632,2023-09-05,ST02,P1002,,4,50,200
S0633,2024-01-22,ST01,P1004,CUST1092,4,120,480
S0634,2024-08-19,ST02,P1005,CUST1076,4,10,40
S0635,2024-07-10,ST01,P1003,,5,80,400
S0636,2024-08-31,ST03,P1001,CUST1068,2,30,60
S0637,2024-11-04,ST03,P1003,CUST1008,5,80,400
S0638,2023-02-15,ST03,P1004,CUST1034,4,120,480
S0639,2023-04-19,ST01,P1001,CUST1033,2,30,60
S0640,2024-06-06,ST03,P1005,CUST1001,5,10,50
S0641,2024-12-05,ST03,P1002,CUST1029,3,50,150
S0642,2024-02-05,ST02,P1005,,5,10,50
S0643,2023-06-04,ST02,P1001,CUST1009,1,30,30
S0644,2023-10-30,ST02,P1001,CUST1069,2,30,60
S0645,2023-12-23,ST02,P1003,CUST1006,2,80,160
S0646,2024-06-17,ST02,P1003,CUST1097,1,80,80
S0647,2024-03-24,ST03,P1004,CUST1078,1,120,120
S0648,2023-11-04,ST01,P1001,CUST1005,3,30,90
S0649,2024-10-25,ST01,P1002,,2,50,100
S0650,2024-06-12,ST01,P1005,CUST1017,3,10,30
S0651,2024-07-27,ST02,P1004,CUST1039,4,120,480
S0652,2024-10-06,ST01,P1002,,4,50,200
S0653,2024-02-10,ST01,P1005,CUST1087,4,10,40
S0654,2024-08-29,ST02,P1004,CUST1006,2,120,240
S0655,2023-07-30,ST02,P1001,CUST1067,1,30,30
S0656,2024-07-03,ST01,P1003,CUST1045,2,80,160
S0657,2024-04-13,ST01,P1003,,4,80,320
S0658,2024-06-24,ST03,P1003,CUST1015,4,80,320
S0659,2024-09-17,ST02,P1005,CUST1051,3,10,30
S0660,2023-12-27,ST02,P1005,CUST1078,3,10,30
S0661,2024-09-21,ST03,P1001,,2,30,60
S0662,2023-11-17,ST01,P1002,CUST1096,1,50,50
S0663,2023-07-07,ST02,P1002,CUST1018,4,50,200
S0664,2024-03-04,ST03,P1002,CUST1099,4,50,200
S0665,2024-03-09,ST01,P1004,,5,120,600
S0666,2024-12-11,ST03,P1002,CUST1024,2,50,100
S0667,2024-05-16,ST02,P1002,CUST1009,3,50,150
S0668,2024-04-06,ST03,P1001,CUST1056,1,30,30
S0669,2024-05-11,ST01,P1002,CUST1055,5,50,250
S0670,2024-06-01,ST03,P1004,CUST1054,4,120,480
S0671,2024-03-01,ST03,P1004,CUST1023,2,120,240
S0672,2023-03-26,ST03,P1001,CUST1041,3,30,90
S0673,2023-02-03,ST02,P1002,CUST1053,3,50,150
S0674,2023-06-22,ST02,P1005,,4,10,40
S0675,2024-07-16,ST03,P1001,CUST1074,1,30,30
S0676,2023-10-02,ST03,P1003,CUST1022,1,80,80
S0677,2024-03-27,ST03,P1002,CUST1049,1,50,50
S0678,2024-10-31,ST01,P1003,CUST1043,4,80,320
S0679,2023-09-27,ST02,P1001,CUST1031,1,30,30
S0680,2023-08-31,ST01,P1005,,3,10,30
S0681,2024-12-28,ST03,P1004,CUST1067,5,120,600
S0682,2023-05-23,ST01,P1002,CUST1020,5,50,250
S0683,2023-12-26,ST03,P1003,CUST1064,5,80,400
S0684,2023-06-22,ST02,P1003,CUST1040,5,80,400
S0685,2023-10-01,ST03,P1001,CUST1009,4,30,120
S0686,2023-03-02,ST02,P1002,,2,50,100
S0687,2023-09-13,ST01,P1003,CUST1091,4,80,320
S0688,2024-05-16,ST01,P1005,,3,10,30
S0689,2024-10-04,ST02,P1004,CUST1044,1,120,120
S0690,2024-10-10,ST01,P1004,CUST1004,3,120,360
S0691,2024-12-12,ST02,P1004,CUST1035,3,120,360
S0692,2024-08-18,ST01,P1001,,4,30,120
S0693,2024-10-12,ST03,P1003,CUST1082,5,80,400
S0694,2024-02-12,ST01,P1004,CUST1001,4,120,480
S0695,2023-10-02,ST02,P1003,CUST1040,5,80,400
S0696,2024-08-14,ST01,P1005,CUST1031,3,10,30
S0697,2024-11-29,ST01,P1001,CUST1052,4,30,120
S0698,2023-01-17,ST01,P1002,CUST1027,4,50,200
S0699,2023-01-01,ST02,P1002,,2,50,100
S0700,2024-10-27,ST02,P1002,CUST1070,1,50,50
S0701,2024-11-01,ST02,P1003,CUST1065,3,80,240
S0702,2024-11-11,ST03,P1002,CUST1017,4,50,200
S0703,2024-10-02,ST02,P1002,CUST1003,1,50,50
S0704,2024-12-21,ST01,P1001,CUST1038,4,30,120
S0705,2023-03-21,ST01,P1005,CUST1073,5,10,50
S0706,2024-11-27,ST02,P1001,CUST1050,3,30,90
S0707,2023-05-04,ST02,P1002,CUST1046,1,50,50
S0708,2023-08-23,ST02,P1001,,1,30,30
S0709,2023-04-16,ST02,P1003,CUST1076,2,80,160
S0710,2024-01-27,ST01,P1002,CUST1085,5,50,250
S0711,2024-07-30,ST01,P1005,,2,10,20
S0712,2024-03-26,ST02,P1002,,2,50,100
S0713,2024-02-26,ST03,P1004,CUST1076,1,120,120
S0714,2023-04-13,ST01,P1001,CUST1070,4,30,120
S0715,2023-12-26,ST02,P1003,CUST1079,2,80,160
S0716,2023-10-11,ST03,P1001,CUST1068,5,30,150
S0717,2024-09-07,ST03,P1005,CUST1015,1,10,10
S0718,2024-11-05,ST02,P1002,CUST1024,5,50,250
S0719,2024-06-05,ST01,P1004,CUST1054,1,120,120
S0720,2023-09-03,ST02,P1004,CUST1039,2,120,240
S0721,2024-05-26,ST03,P1005,CUST1071,5,10,50
S0722,2023-01-13,ST02,P1003,CUST1052,4,80,320
S0723,2024-08-05,ST02,P1003,CUST1029,2,80,160
S0724,2024-04-27,ST01,P1001,CUST1024,1,30,30
S0725,2023-01-15,ST02,P1002,CUST1081,1,50,50
S0726,2024-02-12,ST03,P1003,,5,80,400
S0727,2024-03-01,ST02,P1004,CUST1079,5,120,600
S0728,2024-07-04,ST03,P1002,CUST1080,1,50,50
S0729,2023-11-14,ST01,P1005,CUST1053,2,10,20
S0730,2024-07-03,ST02,P1004,CUST1022,1,120,120
S0731,2023-11-14,ST03,P1004,,2,120,240
S0732,2023-03-01,ST01,P1001,CUST1057,1,30,30
S0733,2024-04-09,ST03,P1005,CUST1041,3,10,30
S0734,2024-11-13,ST03,P1002,CUST1096,1,50,50
S0735,2024-12-25,ST01,P1001,CUST1038,4,30,120
S0736,2023-12-22,ST03,P1005,,3,10,30
S0737,2023-06-20,ST02,P1002,,3,50,150
S0738,2023-05-01,ST01,P1003,CUST1067,3,80,240
S0739,2024-06-20,ST01,P1003,,5,80,400
S0740,2024-10-04,ST01,P1004,CUST1085,5,120,600
S0741,2024-01-04,ST01,P1004,CUST1053,2,120,240
S0742,2024-01-12,ST01,P1003,CUST1092,5,80,400
S0743,2024-11-21,ST03,P1001,CUST1084,5,30,150
S0744,2023-01-03,ST01,P1001,CUST1096,1,30,30
S0745,2024-04-28,ST02,P1004,CUST1033,2,120,240
S0746,2023-02-06,ST03,P1004,CUST1008,3,120,360
S0747,2023-09-12,ST02,P1003,CUST1016,1,80,80
S0748,2024-08-08,ST02,P1001,CUST1084,1,30,30
S0749,2023-07-03,ST01,P1005,CUST1058,4,10,40
S0750,2023-03-12,ST02,P1003,CUST1046,3,80,240
S0751,2023-03-30,ST03,P1004,CUST1024,3,120,360
S0752,2023-07-25,ST02,P1005,CUST1010,5,10,50
S0753,2023-09-06,ST02,P1003,CUST1016,4,80,320
S0754,2023-07-20,ST03,P1005,CUST1017,2,10,20
S0755,2023-01-07,ST02,P1001,CUST1079,5,30,150
S0756,2023-12-21,ST03,P1001,CUST1073,1,30,30
S0757,2024-11-04,ST02,P1003,CUST1054,2,80,160
S0758,2024-06-26,ST01,P1004,CUST1022,1,120,120
S0759,2023-05-26,ST03,P1003,CUST1098,1,80,80
S0760,2023-08-26,ST03,P1004,,3,120,360
S0761,2024-04-14,ST03,P1001,CUST1005,1,30,30
S0762,2024-06-01,ST01,P1004,CUST1011,5,120,600
S0763,2024-08-04,ST01,P1004,,2,120,240
S0764,2023-08-31,ST02,P1003,CUST1074,4,80,320
S0765,2024-12-18,ST03,P1003,CUST1052,4,80,320
S0766,2023-10-06,ST01,P1001,CUST1051,2,30,60
S0767,2024-08-21,ST01,P1002,CUST1019,2,50,100
S0768,2024-04-05,ST02,P1003,CUST1029,1,80,80
S0769,2024-07-02,ST02,P1002,CUST1087,3,50,150
S0770,2024-04-19,ST02,P1001,CUST1059,2,30,60
S0771,2024-12-03,ST02,P1005,CUST1065,2,10,20
S0772,2023-12-02,ST01,P1001,,2,30,60
S0773,2023-12-31,ST02,P1005,CUST1036,3,10,30
S0774,2023-09-24,ST01,P1001,CUST1083,4,30,120
S0775,2024-07-23,ST03,P1005,CUST1037,1,10,10
S0776,2024-04-18,ST01,P1002,CUST1021,1,50,50
S0777,2023-03-05,ST01,P1002,CUST1097,4,50,200
S0778,2024-01-17,ST03,P1001,CUST1041,5,30,150
S0779,2023-09-23,ST01,P1001,CUST1018,2,30,60
S0780,2024-10-23,ST02,P1002,CUST1049,3,50,150
S0781,2023-05-06,ST01,P1004,CUST1086,2,120,240
S0782,2024-08-10,ST02,P1004,CUST1015,1,120,120
S0783,2024-01-27,ST03,P1004,CUST1073,3,120,360
S0784,2023-08-08,ST01,P1003,CUST1096,4,80,320
S0785,2023-06-02,ST01,P1005,CUST1051,5,10,50
S0786,2023-09-09,ST03,P1003,CUST1021,4,80,320
S0787,2024-07-17,ST02,P1001,CUST1028,3,30,90
S0788,2024-01-28,ST01,P1004,CUST1094,5,120,600
S0789,2023-09-13,ST03,P1005,CUST1096,4,10,40
S0790,2024-12-31,ST02,P1004,CUST1041,4,120,480
S0791,2023-12-19,ST03,P1005,CUST1000,4,10,40
S0792,2023-10-04,ST01,P1001,CUST1016,5,30,150
S0793,2023-08-13,ST01,P1003,CUST1054,4,80,320
S0794,2024-06-26,ST02,P1005,CUST1058,2,10,20
S0795,2023-04-13,ST01,P1002,CUST1083,5,50,250
S0796,2023-02-27,ST01,P1005,CUST1086,3,10,30
S0797,2023-06-27,ST01,P1002,CUST1044,3,50,150
S0798,2024-12-15,ST02,P1005,CUST1052,3,10,30
S0799,2024-08-04,ST03,P1002,CUST1048,2,50,100
S0800,2024-05-19,ST03,P1003,CUST1091,4,80,320
S0801,2023-02-08,ST01,P1001,CUST1094,5,30,150
S0802,2023-08-13,ST01,P1005,CUST1077,1,10,10
S0803,2023-12-06,ST03,P1002,CUST1070,3,50,150
S0804,2023-07-01,ST02,P1001,CUST1053,2,30,60
S0805,2024-08-23,ST03,P1002,CUST1041,5,50,250
S0806,2024-01-09,ST01,P1003,,4,80,320
S0807,2024-08-23,ST01,P1003,CUST1055,3,80,240
S0808,2023-05-20,ST01,P1004,,4,120,480
S0809,2024-10-26,ST02,P1002,,5,50,250
S0810,2024-12-11,ST03,P1003,CUST1067,5,80,400
S0811,2023-06-29,ST02,P1003,,3,80,240
S0812,2023-05-11,ST01,P1001,,5,30,150
S0813,2024-02-05,ST03,P1001,CUST1051,5,30,150
S0814,2023-11-22,ST03,P1002,,5,50,250
S0815,2023-04-17,ST02,P1002,CUST1015,1,50,50
S0816,2023-09-01,ST02,P1003,CUST1066,1,80,80
S0817,2024-12-26,ST03,P1003,CUST1047,1,80,80
S0818,2023-09-29,ST01,P1002,,1,50,50
S0819,2023-12-25,ST02,P1001,,1,30,30
S0820,2023-02-19,ST02,P1004,,4,120,480
S0821,2023-06-20,ST02,P1004,CUST1079,3,120,360
S0822,2024-07-13,ST02,P1001,CUST1079,5,30,150
S0823,2024-10-28,ST03,P1002,CUST1054,4,50,200
S0824,2023-03-17,ST01,P1003,CUST1052,3,80,240
S0825,2023-09-25,ST01,P1001,CUST1019,2,30,60
S0826,2024-01-20,ST01,P1001,CUST1079,1,30,30
S0827,2023-12-13,ST03,P1005,CUST1087,1,10,10
S0828,2024-03-17,ST03,P1002,CUST1007,4,50,200
S0829,2023-06-10,ST01,P1001,CUST1038,2,30,60
S0830,2023-07-14,ST02,P1005,,5,10,50
S0831,2023-09-29,ST03,P1003,CUST1061,2,80,160
S0832,2023-04-09,ST01,P1004,CUST1093,5,120,600
S0833,2024-05-17,ST01,P1001,CUST1076,1,30,30
S0834,2024-03-13,ST01,P1003,,5,80,400
S0835,2024-05-06,ST01,P1001,CUST1074,2,30,60
S0836,2023-06-24,ST03,P1003,CUST1046,4,80,320
S0837,2023-04-29,ST02,P1004,CUST1001,4,120,480
S0838,2024-11-07,ST02,P1001,,5,30,150
S0839,2024-02-01,ST01,P1003,CUST1085,3,80,240
S0840,2023-07-11,ST02,P1001,CUST1072,4,30,120
S0841,2024-04-21,ST02,P1002,CUST1057,5,50,250
S0842,2023-03-05,ST01,P1001,CUST1068,3,30,90
S0843,2024-07-08,ST02,P1005,CUST1041,5,10,50
S0844,2023-03-04,ST02,P1005,CUST1013,5,10,50
S0845,2024-12-04,ST02,P1005,CUST1059,4,10,40
S0846,2023-11-03,ST01,P1004,,1,120,120
S0847,2024-05-29,ST03,P1005,CUST1089,5,10,50
S0848,2023-05-31,ST01,P1004,CUST1034,2,120,240
S0849,2023-08-05,ST01,P1002,CUST1006,4,50,200
S0850,2023-03-22,ST03,P1004,CUST1024,2,120,240
S0851,2024-09-01,ST02,P1003,,1,80,80
S0852,2023-03-31,ST02,P1005,CUST1000,5,10,50
S0853,2023-11-30,ST02,P1005,CUST1098,1,10,10
S0854,2024-12-18,ST03,P1005,CUST1047,4,10,40
S0855,2023-04-26,ST02,P1002,CUST1003,5,50,250
S0856,2024-08-25,ST03,P1001,CUST1094,5,30,150
S0857,2023-04-14,ST02,P1005,CUST1003,4,10,40
S0858,2023-09-28,ST02,P1004,CUST1069,5,120,600
S0859,2024-04-29,ST01,P1002,CUST1032,4,50,200
S0860,2023-05-28,ST03,P1005,,4,10,40
S0861,2023-02-09,ST02,P1003,,2,80,160
S0862,2023-02-20,ST03,P1004,CUST1027,3,120,360
S0863,2023-01-21,ST02,P1003,CUST1031,3,80,240
S0864,2024-05-18,ST03,P1001,CUST1004,2,30,60
S0865,2023-11-04,ST03,P1004,CUST1004,3,120,360
S0866,2024-03-02,ST03,P1001,CUST1008,4,30,120
S0867,2023-08-05,ST02,P1004,CUST1090,3,120,360
S0868,2023-02-27,ST03,P1002,CUST1046,3,50,150
S0869,2024-12-27,ST03,P1004,CUST1010,5,120,600
S0870,2024-08-05,ST01,P1002,CUST1031,2,50,100
S0871,2023-03-01,ST01,P1001,CUST1023,1,30,30
S0872,2024-01-05,ST03,P1002,CUST1080,3,50,150
S0873,2024-04-20,ST03,P1004,,1,120,120
S0874,2024-11-28,ST01,P1002,CUST1009,4,50,200
S0875,2024-08-31,ST02,P1002,CUST1030,5,50,250
S0876,2024-07-18,ST02,P1003,CUST1046,3,80,240
S0877,2024-12-06,ST01,P1003,CUST1039,4,80,320
S0878,2023-02-20,ST01,P1005,CUST1084,2,10,20
S0879,2024-10-24,ST01,P1002,CUST1028,4,50,200
S0880,2024-06-09,ST01,P1001,CUST1065,2,30,60
S0881,2024-10-24,ST01,P1005,CUST1082,2,10,20
S0882,2023-09-16,ST03,P1003,,3,80,240
S0883,2024-03-09,ST02,P1003,CUST1016,3,80,240
S0884,2023-08-12,ST02,P1003,,5,80,400
S0885,2024-09-30,ST02,P1005,CUST1024,1,10,10
S0886,2024-06-07,ST03,P1003,CUST1033,5,80,400
S0887,2024-09-15,ST02,P1003,,1,80,80
S0888,2024-05-08,ST01,P1003,CUST1042,3,80,240
S0889,2023-10-11,ST02,P1003,CUST1081,2,80,160
S0890,2024-06-13,ST01,P1001,CUST1072,4,30,120
S0891,2024-11-07,ST02,P1002,,1,50,50
S0892,2024-11-02,ST02,P1003,CUST1049,4,80,320
S0893,2024-02-19,ST02,P1001,CUST1033,5,30,150
S0894,2023-07-14,ST02,P1002,,5,50,250
S0895,2024-10-15,ST02,P1003,CUST1084,3,80,240
S0896,2023-06-24,ST03,P1005,CUST1004,3,10,30
S0897,2023-04-10,ST02,P1002,,3,50,150
S0898,2024-07-26,ST01,P1003,,1,80,80
S0899,2023-08-16,ST02,P1002,,3,50,150
S0900,2024-03-06,ST02,P1003,CUST1030,5,80,400
S0901,2023-10-29,ST02,P1001,CUST1018,1,30,30
S0902,2024-10-11,ST03,P1005,CUST1079,1,10,10
S0903,2024-04-28,ST01,P1005,CUST1001,4,10,40
S0904,2024-06-26,ST02,P1004,CUST1010,2,120,240
S0905,2023-05-21,ST01,P1003,CUST1083,5,80,400
S0906,2024-04-13,ST01,P1003,,2,80,160
S0907,2023-03-24,ST02,P1003,,2,80,160
S0908,2023-11-17,ST03,P1001,CUST1057,4,30,120
S0909,2023-10-08,ST01,P1002,CUST1099,2,50,100
S0910,2024-05-16,ST01,P1002,CUST1018,4,50,200
S0911,2024-10-10,ST02,P1004,CUST1073,4,120,480
S0912,2024-01-28,ST01,P1001,CUST1097,2,30,60
S0913,2024-01-18,ST01,P1003,CUST1098,2,80,160
S0914,2023-01-19,ST03,P1001,,2,30,60
S0915,2023-08-20,ST03,P1003,CUST1047,2,80,160
S0916,2023-04-16,ST02,P1005,CUST1000,3,10,30
S0917,2023-06-21,ST01,P1001,CUST1051,3,30,90
S0918,2024-04-11,ST03,P1005,CUST1024,5,10,50
S0919,2023-12-12,ST02,P1002,CUST1085,4,50,200
S0920,2024-01-03,ST01,P1002,CUST1067,1,50,50
S0921,2023-08-22,ST01,P1002,CUST1041,1,50,50
S0922,2024-08-26,ST03,P1002,CUST1075,3,50,150
S0923,2024-12-29,ST03,P1001,CUST1042,3,30,90
S0924,2024-07-01,ST03,P1001,CUST1035,1,30,30
S0925,2024-11-08,ST01,P1001,CUST1024,1,30,30
S0926,2024-03-02,ST02,P1004,CUST1000,5,120,600
S0927,2023-09-16,ST02,P1002,CUST1020,1,50,50
S0928,2023-11-05,ST02,P1001,,5,30,150
S0929,2023-10-04,ST03,P1005,,2,10,20
S0930,2024-03-04,ST01,P1005,,5,10,50
S0931,2023-05-01,ST02,P1001,CUST1031,4,30,120
S0932,2023-07-23,ST03,P1002,CUST1010,5,50,250
S0933,2023-07-26,ST02,P1004,CUST1010,2,120,240
S0934,2023-02-10,ST03,P1004,CUST1089,4,120,480
S0935,2023-12-05,ST01,P1001,CUST1060,1,30,30
S0936,2023-04-24,ST03,P1004,CUST1089,1,120,120
S0937,2024-06-07,ST01,P1001,CUST1011,2,30,60
S0938,2024-04-12,ST02,P1003,CUST1073,1,80,80
S0939,2023-04-13,ST01,P1001,CUST1041,3,30,90
S0940,2024-11-24,ST02,P1004,,1,120,120
S0941,2023-04-08,ST01,P1001,CUST1010,2,30,60
S0942,2023-12-03,ST02,P1004,CUST1036,3,120,360
S0943,2023-04-06,ST02,P1003,CUST1072,1,80,80
S0944,2024-02-15,ST02,P1004,CUST1090,4,120,480
S0945,2024-12-07,ST02,P1004,,2,120,240
S0946,2023-04-26,ST01,P1001,CUST1086,1,30,30
S0947,2024-03-02,ST03,P1004,CUST1011,4,120,480
S0948,2023-07-05,ST03,P1004,CUST1010,5,120,600
S0949,2023-01-30,ST03,P1002,CUST1007,4,50,200
S0950,2023-04-26,ST02,P1004,CUST1070,1,120,120
S0951,2023-09-25,ST03,P1003,CUST1067,5,80,400
S0952,2024-08-13,ST03,P1005,CUST1097,3,10,30
S0953,2024-06-15,ST03,P1005,CUST1068,4,10,40
S0954,2024-11-08,ST03,P1002,CUST1052,3,50,150
S0955,2024-11-10,ST03,P1004,CUST1097,5,120,600
S0956,2024-09-19,ST01,P1001,,2,30,60
S0957,2024-06-01,ST02,P1004,CUST1005,1,120,120
S0958,2024-05-18,ST02,P1002,CUST1074,3,50,150
S0959,2023-02-21,ST03,P1002,CUST1021,4,50,200
S0960,2024-02-17,ST01,P1001,CUST1039,4,30,120
S0961,2024-08-09,ST02,P1001,CUST1029,4,30,120
S0962,2023-11-20,ST01,P1004,,1,120,120
S0963,2023-04-16,ST02,P1004,CUST1084,5,120,600
S0964,2024-07-16,ST01,P1001,CUST1031,5,30,150
S0965,2024-10-14,ST02,P1005,CUST1013,2,10,20
S0966,2024-11-01,ST03,P1004,CUST1097,3,120,360
S0967,2023-02-25,ST01,P1004,CUST1045,5,120,600
S0968,2024-09-26,ST03,P1004,,3,120,360
S0969,2024-04-08,ST01,P1001,,2,30,60
S0970,2023-01-03,ST02,P1003,,3,80,240
S0971,2024-07-14,ST03,P1003,,1,80,80
S0972,2023-02-16,ST01,P1004,CUST1023,4,120,480
S0973,2023-04-20,ST02,P1005,CUST1057,2,10,20
S0974,2023-05-04,ST02,P1002,CUST1099,2,50,100
S0975,2023-12-13,ST01,P1004,CUST1040,5,120,600
S0976,2023-05-07,ST02,P1004,,5,120,600
S0977,2024-05-31,ST01,P1004,CUST1077,5,120,600
S0978,2023-02-19,ST03,P1004,CUST1067,4,120,480
S0979,2024-06-04,ST01,P1005,CUST1091,2,10,20
S0980,2023-04-17,ST02,P1005,CUST1053,3,10,30
S0981,2024-05-31,ST02,P1004,CUST1009,2,120,240
S0982,2023-10-08,ST02,P1003,CUST1003,4,80,320
S0983,2023-05-17,ST01,P1004,CUST1046,5,120,600
S0984,2023-11-03,ST03,P1005,CUST1062,5,10,50
S0985,2024-10-09,ST01,P1002,CUST1037,5,50,250
S0986,2023-10-25,ST03,P1003,,2,80,160
S0987,2024-12-28,ST03,P1002,CUST1061,5,50,250
S0988,2024-12-11,ST03,P1003,,1,80,80
S0989,2023-12-27,ST03,P1004,CUST1097,5,120,600
S0990,2024-11-14,ST03,P1004,,5,120,600
S0991,2023-10-20,ST02,P1001,CUST1069,1,30,30
S0992,2023-01-26,ST02,P1002,CUST1034,1,50,50
S0993,2023-07-24,ST02,P1002,CUST1095,3,50,150
S0994,2023-05-30,ST01,P1003,CUST1011,5,80,400
S0995,2023-02-03,ST02,P1004,CUST1067,5,120,600
S0996,2024-11-22,ST03,P1005,CUST1029,5,10,50
S0997,2024-02-03,ST01,P1005,,3,10,30
S0998,2024-12-10,ST03,P1001,CUST1035,4,30,120
S0999,2024-03-02,ST03,P1003,CUST1096,1,80,80
S1000,2023-01-14,ST03,P1003,CUST1072,5,80,400
